video,last_seen,watched
Unmanned Aerial Vehicles,213,1014
Quadrotors,71,791
Key Components of Autonomous Flight,41,734
State Estimation,68,718
Applications,80,665
Meet the TAs,116,599
Basic Mechanics,55,567
Dynamics and 1-D Linear Control,69,553
Design Considerations,32,447
Design Considerations (continued),18,424
Agility and Maneuverability,23,407
Component Selection,13,391
Effects of Size,48,380
Supplementary Material: Introduction,24,418
Supplementary Material: Dynamical Systems,18,427
Supplementary Material: Rates of Convergence,25,386
